,authors,tweets,likes,retweets,time
0,iainalexander_s,@ScottishHockey @sportscotland @Team_Scotland @GlynhillHotel @Blue_Sticks @UddyHockey @GBHockey @eurohockeyorg Think there may be a glitch on your newsletter sign up. Rejecting several different attempts. ‚ÄúInvalid email‚Äù,0,0,2022-05-10 11:25:20+00:00
1,WorldHockeyNews,"#HI Job Alert ‚Äì HP Administrator May 2022

#JobFairy ‚Äì Hockey Ireland is recruiting a High-Performance Administrator to join our dynamic High-Performance Team.

Job description here: https://t.co/J0Sm4SpZig‚Ä¶

Closing date is 1pm Thursday 19th May 2022.

https://t.co/iiEfvfR3pW",0,0,2022-05-10 10:55:22+00:00
2,WorldHockeyNews,"#SH Men‚Äôs EuroHockey qualifiers to be held in Uddingston

Scottish Hockey has partnered with Uddingston Hockey Club to hold this summer‚Äôs men‚Äôs EuroHockey qualifier D at the Uddingston Cricket and Sports Club.

Scotland men will take to the pitch on 24-2‚Ä¶ https://t.co/Pjc7STF3x4",1,1,2022-05-10 10:38:35+00:00
3,WorldHockeyNews,#EH Men's County Championships Continue  https://t.co/cDnDrIlMnt,0,0,2022-05-10 08:44:06+00:00
4,WorldHockeyNews,"#THP Premier Division format: ‚ÄòFor hockey to move forwards we need to look at franchise system‚Äô

Yesterday, we sought the views of men‚Äôs Premier Division coaches on the split league format in the top flight. Here, we speak to England Hockey‚Äôs top flight ‚Ä¶ https://t.co/kuQLXUMc7Q",0,0,2022-05-10 08:39:28+00:00
5,WorldHockeyNews,"#EHL Complutense win Spanish women‚Äôs title for third time

Sanse Complutense won just the third Spanish women‚Äôs title in their history as they beat Madrid city rivals Club de Campo in a final shoot-out.

Campo had impressed in Saturday‚Äôs semi-final, beat‚Ä¶ https://t.co/hUYhhziXBI",1,0,2022-05-10 01:41:14+00:00
6,WorldHockeyNews,"#EHL Atl√®ti win 22nd Spanish men‚Äôs title

Atl√®tic Terrassa, has been proclaimed the Spanish men‚Äôs champion for the 22nd time as they got the best of Real Club de Polo in a shoot-out on Sunday.

They progressed to the final with a 3-2 win over Club Egara ‚Ä¶ https://t.co/INlpz8oJkN",1,0,2022-05-10 01:41:14+00:00
7,WorldHockeyNews,"#EHL Gantoise win back-to-back Belgian women‚Äôs final

Gantoise won the women‚Äôs Belgian title with plenty to spare as they won the two-legged final with a 3-1 success on Saturday followed by a 3-0 victory on Sunday.

They raced out of the blocks in game o‚Ä¶ https://t.co/pn0zBAD2dc",1,0,2022-05-10 01:41:13+00:00
8,WorldHockeyNews,"#EHL Cosyns treble earns Racing first title for 81 years

Royal Racing Club de Bruxelles ended an 81-year wait last weekend as they got the best of Gantoise over two legs in the Belgian men‚Äôs championships ifnal.

Saturday saw the two sides draw 2-2 in t‚Ä¶ https://t.co/Tsp6lCkHSC",1,0,2022-05-10 01:41:12+00:00
9,WorldHockeyNews,"#HNZ Palmerston North College Hockey Club wins HNZ Club of the Year

College Hockey Club‚Äôs success stretches far beyond the playing field, with a very sharp focus on governance, community engagement, quality coaching, having fun, sharing information with‚Ä¶ https://t.co/i3JI3GvrIs",1,1,2022-05-10 01:21:11+00:00
10,YolandeBrada,"RT @eurohockeyorg: #EquallyAmazing 

WINS project finally has a face-to-face meeting! 

We are very excited about being a partner in the @E‚Ä¶",0,1,2022-05-09 20:40:19+00:00
11,Catalunyaspain,@marcos_hofmann @hockeyjunior @ClubJunior1917 @fcdehockey @rfe_hockey @eurohockeyorg @FIH_Hockey Thankyou so much @marcos_hofmann for your words and your support. We wish for the progress and hope for the best performance @HockeyTeamPK @Pakistanhockey4,1,0,2022-05-09 18:40:24+00:00
12,marcos_hofmann,"Hope to see Pakistan back on top very soon!! Such an iconic Team!!

And if the go back to the traditional green,‚Ä¶. much better!!

@hockeyjunior @ClubJunior1917 @fcdehockey @rfe_hockey @eurohockeyorg @FIH_Hockey https://t.co/72MBrCjmrS",5,0,2022-05-09 18:23:34+00:00
13,WorldHockeyNews,"#EHF WINS Partners explore key issues for female sport officials

9th May 2022, Brussels, Belgium: WINS Partners explore key issues for female sports officials at the first face-to-face meeting in Nice, France.

The partners in the WINS project, of which‚Ä¶ https://t.co/Yo53m3qOiH",0,0,2022-05-09 17:11:16+00:00
14,marijke_fleuren,"RT @eurohockeyorg: #EuroHockey5s 

Today we announced the venue for the 2023 EuroHockey5s Championships. 

Looking forward to another great‚Ä¶",0,1,2022-05-09 16:49:16+00:00
15,eurohockeyorg,"#EuroHockey5s 

Today we announced the venue for the 2023 EuroHockey5s Championships. 

Looking forward to another great event to be hosted in Walcz, Poland 

https://t.co/JoraxRb098 https://t.co/Kjleci6OGb",5,1,2022-05-09 16:38:13+00:00
16,WorldHockeyNews,"#FIH FIH Hockey Pro League Show Episode 17 The guests for this week's FIH Pro league Hockey Show are two former Olympians, Simon Mason of England and Great Britain and Shea McAleese of New Zealand. Simon is now a commentator renowned for his insight and ‚Ä¶ https://t.co/SV4Qpxq41N",0,0,2022-05-09 15:49:39+00:00
17,eurohockeyorg,"#EquallyAmazing 

WINS project finally has a face-to-face meeting! 

We are very excited about being a partner in the @EOSE_skills project on Female Sports Officials! 

Read about the recent meeting: 
https://t.co/iUHK6xrayk https://t.co/U5b2Bvc403",4,1,2022-05-09 14:32:10+00:00
18,WorldHockeyNews,#PAHF Argentina win men‚Äôs gold medal at the South American Youth Games in Rosario Last day of competitions in Rosario. The Leoncitos stepped on the top of the podium in the men's competition. https://t.co/wEJgxAq8xE,0,0,2022-05-09 13:35:12+00:00
19,WorldHockeyNews,#EH Champions Crowned at IN2 Hockey School and Club Competitions https://t.co/N2sZhRHCUk,0,0,2022-05-09 11:44:34+00:00
20,CoachesGreat,"Our Great Coach on this episode is Danny Kerry. He talks about learning to regulate your emotional response as a leader. Applicable to all leaders.

üîâ Spotify https://t.co/fd7otiEvGr
üîâ Apple https://t.co/tfWhwmTCz2 
@Danny_Kerry @GBHockey @eurohockeyorg @EnglandHockey https://t.co/6O3U4Z0sEZ",0,0,2022-05-09 11:42:03+00:00
21,WorldHockeyNews,"#SH Under 14 Summer Festival

Our Summer Festival season continued with a successful Under 14 Mixed event on Sunday 8 May. The beautiful grounds of Strathallan School provided the backdrop for a celebration of youth hockey.

15 teams from as far apart as‚Ä¶ https://t.co/9BfGAgcaxd",0,0,2022-05-09 10:38:39+00:00
22,WorldHockeyNews,"#THP Anna Toman: We must have a voice when it comes to sports kit, feel and sizes

Our columnist ponders how many talented players have been lost to hockey at a young age due to a lack of comfortable sports kit available Last year, I started looking into‚Ä¶ https://t.co/uSgYvATIap",1,0,2022-05-09 08:39:23+00:00
23,WorldHockeyNews,"#THP England Hockey Premier Division: Top 6, bottom 6 or straight league?

We sought the views of clubs in both halves of the split leagues in the men‚Äôs Premier Division. Tomorrow, we will publish verdicts from the women‚Äôs coaches For the first time this‚Ä¶ https://t.co/Uw0CgkAHTr",0,0,2022-05-09 08:39:22+00:00
24,CoachesGreat,"We explore leadership through the lens of high-performance sport by interviewing Great Coaches. On this episode we speak to Hockey Coach Danny Kerry. 
üîâ Spotify https://t.co/fd7otiEvGr
üîâ Apple https://t.co/tfWhwmTCz2 
@Danny_Kerry @GBHockey @eurohockeyorg @EnglandHockey https://t.co/GnDah1uOzz",0,0,2022-05-09 07:13:03+00:00
25,WorldHockeyNews,"#SH Series victory for Scotland women against Wales in Altrincham

Scotland women defeated Wales 2-0 in Altrincham through a Sarah Robertson double to give the Scots their second series victory in a week.

Like the previous game, Wales started fast again‚Ä¶ https://t.co/OE66Szdua2",0,0,2022-05-08 14:38:25+00:00
26,WorldHockeyNews,"#SH Grange and Monarchs will play in the Premiership next season

It was the second tier sides that triumphed in the promotion/relegation play-offs at Peffermill today as Grange and FMGM Monarchs saw off the opposition from the Premiership to earn their ‚Ä¶ https://t.co/VFde0pT1cD",0,0,2022-05-07 20:38:23+00:00
27,WorldHockeyNews,"#PAHF Argentina champion of the South American Youth Games in Rosario 2022 Last day of competitions for the women's teams! Chile faced Paraguay in the match for the bronze medal, while Argentina played Uruguay in search of the gold medal. https://t.co/8gqvuoigHE",0,0,2022-05-07 20:35:07+00:00
28,WorldHockeyNews,"#SH Victory for Scotland women over Wales in Altrincham

Scotland women won 2-0 against Wales in Altrincham in the first of a two match series. The goals came from Fiona Burnet and Sarah Jamieson in an impressive second half performance.

It was Wales wh‚Ä¶ https://t.co/4rfncSyfZT",0,0,2022-05-07 18:38:58+00:00
29,Imelda96962802,"RT @eurohockeyorg: #newsflash #EHCU18 

The 2023 EuroHockey U18 Youth Championships venues have been announced:

https://t.co/uUIqtGCTFi ht‚Ä¶",0,4,2022-05-07 16:44:20+00:00
30,WorldHockeyNews,"#SH Edinburgh University women‚Äôs 2XI celebrate league success

With a successful season behind them, Edinburgh University women‚Äôs 2XI approached their final league match aiming for an unbeaten season and a goal difference of 100 goals overall. A tough ma‚Ä¶ https://t.co/xaofcR5QBX",0,0,2022-05-07 14:38:05+00:00
31,SadieMellalieu,Excited to see some upcoming talent here in Swansea. @SwanseaHC https://t.co/WTU1uWgzCG,1,0,2022-05-07 06:06:21+00:00
32,SadieMellalieu,@eurohockeyorg @DHB_hockey @TurkHokey @HockeyWales @Imelda96962802 - announced!,1,0,2022-05-07 06:04:35+00:00
33,WorldHockeyNews,"#PAHF Argentina, Uruguay &amp; Brazil Finalists of the South American Youth Games Argentina (men &amp; women) easily outperformed its rivals in the semifinals. Brazil (men) and Uruguay (women) secured two historic wins and classified into the finals of the tourn‚Ä¶ https://t.co/BbdvUZaVdo",0,1,2022-05-07 01:36:05+00:00
34,AllWalesSport,"RT @riamale: Delighted to have won the bid to host both Girls &amp; Boys Euro championships next July 

Through hosting major events we aim to‚Ä¶",0,3,2022-05-06 22:23:52+00:00
35,Dai_Sport_,@riamale @eurohockeyorg Congrats. Good news.,0,0,2022-05-06 19:34:12+00:00
36,Dai_Sport_,"RT @riamale: Delighted to have won the bid to host both Girls &amp; Boys Euro championships next July 

Through hosting major events we aim to‚Ä¶",0,3,2022-05-06 19:33:58+00:00
37,riamale,"Delighted to have won the bid to host both Girls &amp; Boys Euro championships next July 

Through hosting major events we aim to inspire more people to play our wonderful game 

Thank you to @eurohockeyorg for awarding us this great opportunity 

#juniordragons #playingforthedragon https://t.co/Hxi22AsDfb",60,3,2022-05-06 19:29:53+00:00
38,WorldHockeyNews,"#HWN England: Kwan Browne Appointed Men‚Äôs Head Coach at Southgate HC

Southgate Hockey Club has today appointed Kwan Browne as their new Men‚Äôs Head Coach ahead of the 2022/2023 season.

Kwan Brown at Southgate Hockey Centre, Trent Park, London, UK on 30 ‚Ä¶ https://t.co/FmzldHB52B",0,0,2022-05-06 19:27:48+00:00
39,CoachesGreat,"We explore leadership through the lens of high-performance sport by interviewing Great Coaches. On this episode we speak to Hockey Coach Danny Kerry. 
üîâ Spotify https://t.co/fd7otiEvGr
üîâ Apple https://t.co/tfWhwmTCz2 
@Danny_Kerry @GBHockey @eurohockeyorg @EnglandHockey https://t.co/M4iJUCfTs2",0,0,2022-05-06 17:56:03+00:00
40,IreBoysJag,Germany confirmed for the 2023 U18 Europeans ‚òòÔ∏è‚òòÔ∏è‚òòÔ∏è #JAG2023 https://t.co/jGsFmWvNCR,3,1,2022-05-06 17:04:04+00:00
41,WorldHockeyNews,"#HI IRISH WOMEN‚ÄôS SQUAD NAMED FOR UPCOMING GAMES

Hockey Ireland senior women‚Äôs coach Sean Dancer has named a 23 player national squad panel ahead of a busy 2022 which includes July‚Äôs World Cup and August‚Äôs EuroHockey Championship qualifiers.

As part of‚Ä¶ https://t.co/0dEac1FbOp",0,0,2022-05-06 16:55:25+00:00
42,leon_rutten,"RT @eurohockeyorg: #newsflash #EHCU18 

The 2023 EuroHockey U18 Youth Championships venues have been announced:

https://t.co/uUIqtGCTFi ht‚Ä¶",0,4,2022-05-06 16:40:47+00:00
43,ehf_marijke,"RT @eurohockeyorg: #newsflash #EHCU18 

The 2023 EuroHockey U18 Youth Championships venues have been announced:

https://t.co/uUIqtGCTFi ht‚Ä¶",0,4,2022-05-06 16:36:32+00:00
44,donnelle,"RT @Ulster_Umpires: üö®Men‚Äôs Appointments 07/05/22üö®
@UlsterHockey Junior League Cup Finals (1 of 2)

Junior 3
@NewryHockeyClub 2s v @BangorHC‚Ä¶",0,2,2022-05-06 16:27:45+00:00
45,BangorHC,"RT @Ulster_Umpires: üö®Men‚Äôs Appointments 07/05/22üö®
@UlsterHockey Junior League Cup Finals (1 of 2)

Junior 3
@NewryHockeyClub 2s v @BangorHC‚Ä¶",0,2,2022-05-06 16:22:54+00:00
46,BangorHC,"RT @Ulster_Umpires: üö®Men‚Äôs Appointments 07/05/22üö®
@UlsterHockey Linden Cup Final
PSNI v @BangorHC - Oli Brown &amp; Peter Watson
üèëüò§‚ôªÔ∏èüü®üî¥

@fhump‚Ä¶",0,1,2022-05-06 16:22:50+00:00
47,Ulster_Umpires,"üö®Men‚Äôs Appointments 07/05/22üö®
@UlsterHockey Junior League Cup Finals (2 of 2)

Junior 5
@nicshockeyclub 4s v @PortrushHC 2s - Sarah Craig &amp; William Kilpatrick
üèëüò§‚ôªÔ∏èüü®üî¥

@fhumpires @eurohockeyorg @FIH_Hockey",3,0,2022-05-06 16:05:42+00:00
48,Ulster_Umpires,"üö®Men‚Äôs Appointments 07/05/22üö®
@UlsterHockey Junior League Cup Finals (1 of 2)

Junior 3
@NewryHockeyClub 2s v @BangorHC 3s - Aaron Donnell &amp; Gareth Herron

Junior 4
@RaphoeHockey 3s v @MossleyHockey 4s - Mervyn Logan &amp; Sam Henry
üèëüò§‚ôªÔ∏èüü®üî¥

@fhumpires @eurohockeyorg @FIH_Hockey",3,2,2022-05-06 16:04:57+00:00
49,Ulster_Umpires,"üö®Men‚Äôs Appointments 07/05/22üö®
@UlsterHockey Linden Cup Final
PSNI v @BangorHC - Oli Brown &amp; Peter Watson
üèëüò§‚ôªÔ∏èüü®üî¥

@fhumpires @eurohockeyorg @FIH_Hockey",4,1,2022-05-06 16:01:53+00:00
50,WorldHockeyNews,"#SH Unbeaten Inverleith top Women‚Äôs National League

Having secured the League title with a hard fought 3-2 victory over Fjordhus Reivers the previous week, Inverleith travelled to Gannochy on Saturday looking to maintain their unbeaten league run and fi‚Ä¶ https://t.co/8NuGyQM8nv",0,0,2022-05-06 15:38:34+00:00
51,WorldHockeyNews,#EH Talent Development: 17 Clubs Offered Talent Academy Licences https://t.co/fzIub8ndOF,0,0,2022-05-06 14:44:51+00:00
52,FatihkorkmazFk,"RT @eurohockeyorg: #newsflash #EHCU18 

The 2023 EuroHockey U18 Youth Championships venues have been announced:

https://t.co/uUIqtGCTFi ht‚Ä¶",0,4,2022-05-06 14:24:58+00:00
53,WorldHockeyNews,"#FIH Future of the Penalty Corner ‚Äì Global consultation project Future of the Penalty Corner ‚Äì Global consultation project
We invite you to fill in a short online questionnaire to capture opinions on the current penalty corner rules, as well as ideas for‚Ä¶ https://t.co/hkziGxqABg",0,0,2022-05-06 13:49:13+00:00
54,WorldHockeyNews,"#EHL Van der Linden to hang up stick after 15 years with HGC

EHL winner Floris van der Linden is hanging up his stick after an incredibly loyal 15-year stint with HGC in the Hoofdklasse.

He arrived at the club from Belgium after high school having achi‚Ä¶ https://t.co/enHTviijzv",0,0,2022-05-06 13:41:19+00:00
55,WorldHockeyNews,"#EHF EuroHockey U18 Youth Championships 2023

6th May 2022, Brussels, Belgium: The 2023 EuroHockey U18 Youth Championships will take place on the following dates at the venues stated. Participating nations are qualified for pools and divisions based on t‚Ä¶ https://t.co/rl33KSkW5I",1,1,2022-05-06 13:11:15+00:00
56,leinsterhockey1,"Looks like @IreBoysJag &amp; @IreGirlsJAG U18s are off to üá©üá™ in 2023!!
#Representing #Development https://t.co/ZUIfZB4jO1",3,0,2022-05-06 12:08:23+00:00
57,eurohockeyorg,"#newsflash #EHCU18 

The 2023 EuroHockey U18 Youth Championships venues have been announced:

https://t.co/uUIqtGCTFi https://t.co/ai7XQAuKWu",14,4,2022-05-06 12:03:40+00:00
58,WorldHockeyNews,"#HI Twelve Clubs, Six Finals, Two Days ‚Äì Hockey Ireland Cup Competitions Finals Weekend

Six exciting finals this weekend marks the culmination of the national club season with the men‚Äôs and women‚Äôs Irish Hockey Trophy, Hockey Challenge and Junior Cup co‚Ä¶ https://t.co/8wiVKmMy5F",0,0,2022-05-06 10:55:21+00:00
59,WorldHockeyNews,"#THP Barry Middleton and Nick Bandurak take up Holcombe coaching roles

Barry Middleton has taken another step forwards in his coaching career by taking over the head coach role at Holcombe Hockey Club, replacing the long-serving Julian Halls. Meanwhile,‚Ä¶ https://t.co/k3DzfGVr2A",1,0,2022-05-06 10:39:44+00:00
60,WorldHockeyNews,"#THP Kwan Browne: I want to see Southgate back in English Hockey‚Äôs Premier Division

Kwan Browne says the ‚Äúsleeping giant‚Äù that is Southgate HC can return to the men‚Äôs Premier Division after the Trinidadian left Hampstead &amp; Westminster to join as head co‚Ä¶ https://t.co/mWWrU8lREq",1,0,2022-05-06 10:39:43+00:00
61,WorldHockeyNews,"#SH Scotland women‚Äôs squad to face Wales this weekend

Scotland women are back in action this weekend as they take on Wales at Bowdon Hockey Club in Altrincham.

The uncapped two-match series will see the teams take to the pitch at 16:30 on Saturday and ‚Ä¶ https://t.co/CksPGlgru8",1,0,2022-05-06 10:38:04+00:00
62,WorldHockeyNews,#EH Nottingham Hosts IN2 Competitions https://t.co/mTG83zkYH1,0,0,2022-05-06 08:44:07+00:00
63,CoachesGreat,"Our Great Coach on this episode is Danny Kerry. He talks about learning to regulate your emotional response as a leader. Applicable to all leaders.

üîâ Spotify https://t.co/fd7otiEvGr
üîâ Apple https://t.co/tfWhwmTCz2 
@Danny_Kerry @GBHockey @eurohockeyorg @EnglandHockey https://t.co/qzm4lN9VA1",0,0,2022-05-06 08:09:30+00:00
64,SimonePagliara,"#EuroHockey Club Trophy I, Men - Paris ü•àüèë @eurohockeyorg @eurohockey #RWWFamily #HCRotweissWettingen https://t.co/5sAW0BPMhH",0,0,2022-05-06 07:55:08+00:00
65,WorldHockeyNews,"#THP Hockey Pro League: England and Germany end honours even after reverse wins

Fresh cycle, new players, indifferent results. That‚Äôs the facts which face England or Great Britain teams at the start of an Olympic path. And that was summed in M√∂nchenglad‚Ä¶ https://t.co/7d4tuSbOHs",0,0,2022-05-06 07:39:34+00:00
66,WorldHockeyNews,"#HWN Netherlands: Keetels Happy With Den Bosch‚Äôs Fighting Spirit

By winning the Gold Cup, Marloes Keetels added a new prize to her already overflowing list of honours.¬†More than the joy about winning the most important cup tournament, the captain of Den‚Ä¶ https://t.co/d6HTXns5Vq",0,1,2022-05-06 07:27:44+00:00
67,WorldHockeyNews,"#HWN Pro-League: Honamas Win ‚ÄòPenalty Corner Festival‚Äô Against England

FIH Pro League Men: Germany vs. England 3:2 (1:1)

The Danas had shown the way, the Honamas followed suit.¬†After coach Andr√© Henning‚Äôs team lost their first game against England, the‚Ä¶ https://t.co/OHGu1wscVW",1,0,2022-05-06 07:27:43+00:00
68,WorldHockeyNews,"#HWN Pro-League: Danas Win to get Revenge Against England

FIH Pro League Women: Germany vs. England 4:1 (2:0)

Revenge successful: Danas win against England

After the unfortunate 4-3 defeat on Wednesday, the Danas did much better in the second game aga‚Ä¶ https://t.co/eWNnCdwDXE",1,1,2022-05-06 06:27:02+00:00
69,WorldHockeyNews,"#PAHF III South American Youth Games The wait is over. It is time to enjoy the 2022 South American Youth Games. From this Thursday, May 5 to Sunday, May 8, we will be entertained with 4 days of pure hockey. https://t.co/146c8AMyR4",0,0,2022-05-06 03:35:33+00:00
70,yvorushylo,@eurohockeyorg HUGE thanks to EU hockey family @eurohockeyorg for standing with Ukraine! üíôüíõ #values,3,0,2022-05-05 19:57:31+00:00
71,WorldHockeyNews,#EH England Men Narrowly Miss Out On Second Win Over Germany https://t.co/GxcGmR78SA,1,0,2022-05-05 17:44:09+00:00
72,WorldHockeyNews,#EH England Hockey Saddened By Passing of Mike Ward https://t.co/D3285Clmeu,0,0,2022-05-05 16:44:51+00:00
73,WorldHockeyNews,"#FIH FIH Hockey Pro League Season 3: Germany vs England (Men), Game 1 highlights About the FIH
Set up in 1924, the FIH is recognised by the International Olympic Committee, as well as by the FIH‚Äôs Members and the Continental Federations, as the sole ult‚Ä¶ https://t.co/dmxD40BbWf",0,0,2022-05-05 15:49:53+00:00
74,WorldHockeyNews,"#FIH FIH Hockey Pro League Season 3: Germany vs England (Women), Game 1 highlights About the FIH
Set up in 1924, the FIH is recognised by the International Olympic Committee, as well as by the FIH‚Äôs Members and the Continental Federations, as the sole u‚Ä¶ https://t.co/zsoQmRZwwo",0,0,2022-05-05 15:49:53+00:00
75,WorldHockeyNews,#EH England Women Come Up Short Against Germany https://t.co/TfCchvK4Nt,0,0,2022-05-05 14:44:31+00:00
76,WorldHockeyNews,"#HWN Belgium: Florent Van Aubel‚Äôs New Challenge at Pinok√©

The Dragons striker will have his first experience abroad after winning 7 titles with the Dragons.¬†He will join the Dutch club, where Alexander Hendrickx and Sebastien Dockier already play, and w‚Ä¶ https://t.co/uvIzrcUuRR",0,0,2022-05-05 13:27:46+00:00
77,WorldHockeyNews,"#HWN Pro-League: Bandurak and Payne Shine as England Defeat Germany

FIH Pro League Men: Germany vs. England 0:1 (0:1)

In the game against England, the German national team was the stronger team, but the English team, with Nicholas Bandurak, scored just‚Ä¶ https://t.co/MIULWHUKOq",0,0,2022-05-05 13:27:45+00:00
78,WorldHockeyNews,"#HWN Pro-League: The Danas Narrowly Lose 4-3 to Athletic England Women

FIH Pro League Women: Germany vs. England 3:4 (2:1)

In the FIH Pro League, the Danas met the English selection today, May 4th.¬†In the first of two games at SparkassenPark M√∂nchengla‚Ä¶ https://t.co/IxRjHf3QR8",0,0,2022-05-05 13:27:44+00:00
79,WorldHockeyNews,#EH Men's County Championships https://t.co/LUjoM8IstQ,0,0,2022-05-05 12:44:26+00:00
80,WorldHockeyNews,"#THP ‚ÄòBalance is something alot of goalkeepers struggle with‚Äô

Surbiton‚Äôs Ore Ogunlana talks about how a focus on balance has helped his goalkeeping For me it‚Äôs all been about balance this season. When someone has come in to take a shot, it has been abou‚Ä¶ https://t.co/qO79hJskZU",0,0,2022-05-05 12:39:07+00:00
81,WorldHockeyNews,"#SH Promotion/relegation down to the wire

Some issues are already settled. After winning the men`s National League by a massive 14 points ESM are promoted to the Premiership for the first time in the club`s history. The Edinburgh side cross over Grove M‚Ä¶ https://t.co/nDBCqhsZaD",1,1,2022-05-05 11:38:48+00:00
82,eurohockeyorg,"Thank you @yvorushylo for sharing your experiences. 

As always we #StandWithUkriane and our Ukraine hockey family https://t.co/9GVCwdM1tN",3,1,2022-05-05 11:20:24+00:00
83,WorldHockeyNews,"#EHL Spanish Final 4 ready to roll in Madrid

The Spanish Final 4 will take place in Madrid this weekend as the culmination of the domestic season plays out on Saturday and Sunday.

In the women‚Äôs competition, Club de Campo de Madrid will take on Junior ‚Ä¶ https://t.co/oRYWIdty2e",0,0,2022-05-05 10:41:25+00:00
84,EHF_Saby,"RT @eurohockeyorg: #Institute #Education 

After 16 months we are working towards the launch of the EHF Institute for Education! 

Exciting‚Ä¶",0,2,2022-05-05 09:32:29+00:00
85,WorldHockeyNews,"#THP How Canada‚Äôs Jamie Wallace balances crypto and hockey

For a country that has around 300 men and boys to choose from for its national hockey squad, three of them have been playing in the English Premier Division this season for East Grinstead. Jamie‚Ä¶ https://t.co/f5rRymguwt",0,0,2022-05-05 07:39:06+00:00
86,WorldHockeyNews,"#HNZ Allyson Gofton named Hockey NZ Administrator of the Year

Allyson‚Äôs generosity, guidance, and support, are reflected in her community of Cambridge where she plays a big role in the community, local school, and Suburbs-Piako Hockey Club.

She tireles‚Ä¶ https://t.co/NBXq7C5Z4V",0,0,2022-05-04 21:21:04+00:00
87,geersfrank,"RT @eurohockeyorg: #LA2028 #CzechHockey 

Earlier this month @PozemniHokej  Hockey Women U18/U21 and A-team met to kick off their Olympic J‚Ä¶",0,1,2022-05-04 20:58:42+00:00
88,WorldHockeyNews,#EH Payne and Bandurak edge England past Germany https://t.co/m1AmtbRb9j,0,0,2022-05-04 19:45:23+00:00
89,ehf_marijke,"RT @eurohockeyorg: #Institute #Education 

After 16 months we are working towards the launch of the EHF Institute for Education! 

Exciting‚Ä¶",0,2,2022-05-04 18:25:33+00:00
90,WorldHockeyNews,#EH Bourne's Brilliant Brace Helps England Come From Behind To Beat Germany https://t.co/VD0HZKOtvh,0,0,2022-05-04 17:44:06+00:00
91,WorldHockeyNews,"#EHF EuroHockey Institute Transnational Meeting 6: The Netherlands

4th May 2002, Brussels: Belgium: During the start of the EHL the EuroHockey Institute Project partners met at Hurley Hockey Club.

The mission is to develop an institute that will delive‚Ä¶ https://t.co/NbZSz7OjMm",0,0,2022-05-04 16:11:52+00:00
92,eurohockeyorg,"#LA2028 #CzechHockey 

Earlier this month @PozemniHokej  Hockey Women U18/U21 and A-team met to kick off their Olympic Journey towards LA2028. 

With support from the National Sports Agency (NSA) the Czech women's hockey has started a 6-year journey... 

Best of luck!!!!! https://t.co/pe0mLl2zJS",7,1,2022-05-04 15:29:49+00:00
93,eurohockeyorg,"#Institute #Education 

After 16 months we are working towards the launch of the EHF Institute for Education! 

Exciting times ahead: 
https://t.co/4tKFbqIldL https://t.co/pvG7nVe6Gw",11,2,2022-05-04 15:17:55+00:00
94,Ulster_Umpires,"üö®Men's Appointment 04/05/22üö®
@UlsterHockey Premier League Relegation/Promotion Playoff
@NewryHockeyClub v @PortrushHC
Umpires: Oli Brown &amp; Peter Watson
Venue: The Glade (@MossleyHockey)
Time: 8pm
üèëüò§‚ôªÔ∏èüü®üî¥

@fhumpires @eurohockeyorg @FIH_Hockey",4,0,2022-05-04 13:55:58+00:00
95,eurohockeyorg,"#Update

The EHF has today announced some changes to the EuroHockey Championship Qualifiers due to the exclusion of Russia and Belarus: 

Read the full update here: https://t.co/OOnUUhCevg",4,1,2022-05-04 12:25:03+00:00
96,WorldHockeyNews,"#EHF EuroHockey Qualifiers, Men and Women 2022¬†‚Äì update

Update 4th May 2022, Brussels, Belgium: Due to the exclusion of Russia and Belarus, the EuroHockey Qualifier events had to be reviewed.¬†

In particular, the men‚Äôs events had to be revised as the ev‚Ä¶ https://t.co/swdge6ylyx",1,0,2022-05-04 10:11:21+00:00
97,CaledoniaAlbion,"RT @hockeyWrldNws: Hockey World News Edition 24 

Hockey World News is back and with a sleek new look. 

From Rick Charlesworth to Phil Rop‚Ä¶",0,5,2022-05-04 09:21:08+00:00
98,Rockokoko78,@NakEdNic1 @fhumpires @irishhockey @ScottishHockey @eurohockeyorg @FIH_Hockey Ireland won 6 - 4,0,0,2022-05-04 09:20:52+00:00
99,HalfCourtPress1,@hockeyWrldNws @TaoMacLeod @FIH_Hockey @ehf_marijke @eurohockeyorg Looks like a good edition this month‚Ä¶,2,0,2022-05-04 09:18:38+00:00
100,TaoMacLeod,"RT @hockeyWrldNws: Hockey World News Edition 24 

Hockey World News is back and with a sleek new look. 

From Rick Charlesworth to Phil Rop‚Ä¶",0,5,2022-05-04 09:15:02+00:00
101,UKAF_Hockey,"RT @hockeyWrldNws: Hockey World News Edition 24 

Hockey World News is back and with a sleek new look. 

From Rick Charlesworth to Phil Rop‚Ä¶",0,5,2022-05-04 08:19:45+00:00
102,HockeyWriters1,"RT @hockeyWrldNws: Hockey World News Edition 24 

Hockey World News is back and with a sleek new look. 

From Rick Charlesworth to Phil Rop‚Ä¶",0,5,2022-05-04 08:18:23+00:00
103,jjbloom_,"RT @hockeyWrldNws: Hockey World News Edition 24 

Hockey World News is back and with a sleek new look. 

From Rick Charlesworth to Phil Rop‚Ä¶",0,5,2022-05-04 08:18:02+00:00
104,hockeyWrldNws,"Hockey World News Edition 24 

Hockey World News is back and with a sleek new look. 

From Rick Charlesworth to Phil Roper to Tao MacLoed, we have something for everyone in Edition 24.

https://t.co/ApMMWIPvsl

#hockey #proleague #sport @FIH_Hockey @ehf_marijke @eurohockeyorg",12,5,2022-05-04 08:17:39+00:00
105,NakEdNic1,@Rockokoko78 @fhumpires @irishhockey @ScottishHockey @eurohockeyorg @FIH_Hockey Nice. What was the score?,0,0,2022-05-04 08:11:48+00:00
106,WorldHockeyNews,"#THP Meet Witney women, one of English hockey‚Äôs smallest National League teams

Nestled close to Oxford lies the leafy village of Witney, whose women‚Äôs hockey first team has enjoyed a meteoric rise up the league tables in recent times with a spate of pro‚Ä¶ https://t.co/WoOE38TNHr",0,0,2022-05-04 06:39:06+00:00
107,WorldHockeyNews,"#THP Hidden gem Cullum-Sanders makes Australia squad in centenary Test year

Untried 18-year-old Queenslander¬†Hannah Cullum-Sanders¬†has been included in the Australia women‚Äôs squad for the upcoming Tests against New Zealand. The Trans-Tasman Series will ‚Ä¶ https://t.co/NbXYq3JkRW",0,0,2022-05-04 06:39:05+00:00
108,nolom88,"RT @Rockokoko78: Ireland v Scotland today. Uncapped but it‚Äôs still and International whatever way you look at it üèëüò§

@irishhockey @Scottish‚Ä¶",0,2,2022-05-04 03:00:07+00:00
109,biggsbloke,@Rockokoko78 @irishhockey @ScottishHockey @fhumpires @eurohockeyorg @FIH_Hockey So..... smile!!,1,0,2022-05-04 00:01:58+00:00
110,fhumpires,"RT @Rockokoko78: Ireland v Scotland today. Uncapped but it‚Äôs still and International whatever way you look at it üèëüò§

@irishhockey @Scottish‚Ä¶",0,2,2022-05-04 00:00:12+00:00
111,WorldHockeyNews,"#HWN Pro-League: ‚ÄúIt‚Äôs Going to Be Hot Weeks.‚Äù

FIH Pro League: Danas and Honamas meet England

The FIH Pro League games of the Danas and Honamas against England in the SparkassenPark in M√∂nchengladbach (May 4th and 5th) fall in the middle of the final p‚Ä¶ https://t.co/gYmGmgzBvR",1,0,2022-05-03 21:27:40+00:00
112,WorldHockeyNews,"#HWN Belgium: Racing and Gantoise Will Compete for the Title

Drafted Thursday evening to replace Leopold, the Flanders demonstrated that they were indeed in their place in the playoffs by eliminating Waterloo Ducks during the shoot-outs.

The Gantois ar‚Ä¶ https://t.co/q5CFOXSL0Y",1,0,2022-05-03 21:27:39+00:00
113,Rockokoko78,"Ireland v Scotland today. Uncapped but it‚Äôs still and International whatever way you look at it üèëüò§

@irishhockey @ScottishHockey @fhumpires @eurohockeyorg @FIH_Hockey https://t.co/JRVLLqoLhq",24,2,2022-05-03 20:54:42+00:00
114,WorldHockeyNews,"#SH ESM men celebrate history making success

After being promoted from Scottish Hockey‚Äôs third tier, as it was pre the pandemic, ESM men‚Äôs first team is now looking forward to continuing their journey and making club history when they make their debut i‚Ä¶ https://t.co/dfNELA6RIP",1,0,2022-05-03 19:38:58+00:00
115,WorldHockeyNews,#EH A Thrilling Weekend At Lee Valley Hockey And Tennis Centre For The Master's Finals Championships https://t.co/YXNvurpPlW,1,0,2022-05-03 13:45:41+00:00
116,WorldHockeyNews,"#SH Ireland win the third match but Scotland win the series in Belfast

Scotland women lost 6-4 to Ireland in a very close and competitive contest in Belfast. The Scots won the series 3-2 after back-to-back victories in the first two encounters of the te‚Ä¶ https://t.co/13AATaEIME",1,0,2022-05-03 13:39:03+00:00
117,WorldHockeyNews,"#EH Howard, Owsley, Sloan &amp; Calnan Back For Pro League Games In Germany https://t.co/SZlPOrgsG7",0,0,2022-05-03 12:45:20+00:00
118,WorldHockeyNews,"#EHF EuroHockey Junior Championships 2022 ‚Äì update

Updated information, 3rd May 2022, Brussels, Belgium: The 2022 EuroHockey Junior Championships (Men and Women) will take place on the following dates at the venues stated. Participating nations have qua‚Ä¶ https://t.co/j8Duoz3AI4",1,0,2022-05-03 12:13:38+00:00
119,WorldHockeyNews,"#EHF EuroHockey5s U16 Championships 2022 ‚Äì update

Updated 3rd May 2022, Brussels, Belgium: The EuroHockey5s U16 Championships 2022 (Boys and Girls) will take place on the following dates at the venues stated.

Participating nations have qualified for ea‚Ä¶ https://t.co/kQMAItyZfR",1,0,2022-05-03 12:13:37+00:00
120,WorldHockeyNews,"#EHF EuroHockey5s Championship, Men, 2022 ‚Äì update

Updated 3rd May 2022, Brussels, Belgium: The EuroHockey5s Championship 2022 (Men) will take place on the following dates at the venue stated:

Men‚Äôs Championship

Teams: ARM, AUT, BEL, CRO, CYP, FIN, LU‚Ä¶ https://t.co/R7GxuzpSKN",1,0,2022-05-03 11:12:35+00:00
121,WorldHockeyNews,"#THP Old Georgians Andy Bull creates Otter stick in memory of late team-mate

Old Georgians and Scotland defender Andy Bull has partnered with Otter Hockey to create a special stick in memory of his late team-mate Sam Nicholls who tragically lost his lif‚Ä¶ https://t.co/gMzn2j5urM",0,0,2022-05-03 08:39:43+00:00
122,HowardsLHC,RT @JoWestwood1: Throwback to @eurohockeyorg with @eghockeyclub https://t.co/R118d6T6Xr,0,1,2022-05-03 06:52:28+00:00
123,WorldHockeyNews,"#THP Social side Warlocks Vets seeks more hockey-playing tourists

Warlocks Vets HC need more 60+ social tourers to join its team at the Eburons Vets event in Brussels this month. Warlocks were started in 1989 by Mike Booth as an invitation club, with th‚Ä¶ https://t.co/ptdWQp9ndM",2,1,2022-05-03 06:39:35+00:00
124,JoWestwood1,Throwback to @eurohockeyorg with @eghockeyclub https://t.co/R118d6T6Xr,9,1,2022-05-02 21:33:54+00:00
125,SarahJJamieson,@iee_ewing @ScottishHockey @BellIngram @sportscotland @Team_Scotland @GrahamsDairy @FIH_Hockey @eurohockeyorg @ScotWomenSport @scothockeywomen @TCYoungLLP Thank you! Great work from the team so far üè¥Û†ÅßÛ†Å¢Û†Å≥Û†Å£Û†Å¥Û†Åø,1,0,2022-05-02 14:08:53+00:00
126,WorldHockeyNews,"#SH U12s have fun in the sun

Our Summer Festival season got off to a great start yesterday, with the Under 12‚Äôs Mixed event.¬† 150 young players and a big crowd of supporters enjoyed fun in the Glasgow sunshine!

Glasgow Academy‚Äôs excellent Upper Windyed‚Ä¶ https://t.co/9XJ0duUBkK",0,0,2022-05-02 12:38:52+00:00
127,eurohockeyorg,Best hockey celebration? Or who did it better????? https://t.co/84pjm1VUGU,16,1,2022-05-02 11:58:22+00:00
128,WorldHockeyNews,"#THP Reverse stick rule changes up to FIH, says England Hockey

England Hockey say it is the responsibility of the International Hockey Federation to change any rules on safety ‚Äì despite the world governing body outlining that associations can play its p‚Ä¶ https://t.co/uvGmG7H80y",0,0,2022-05-02 11:39:37+00:00
129,WorldHockeyNews,"#THP Fairytale ending as Sutton Coldfield stalwart, 50, scores in final fixture

After more than three decades playing competitive first team hockey, you can imagine most players would eagerly anticipate kicking back in retirement. But that is not the ca‚Ä¶ https://t.co/L7m4Umole7",0,0,2022-05-02 11:39:36+00:00
130,iee_ewing,@ScottishHockey @BellIngram @sportscotland @Team_Scotland @GrahamsDairy @FIH_Hockey @eurohockeyorg @ScotWomenSport @scothockeywomen Another busy weekend for @TCYoungLLP  solicitor @SarahJJamieson    Well done.,6,0,2022-05-02 08:39:37+00:00
131,WorldHockeyNews,"#EHL Den Bosch confirmed as women‚Äôs Hoofdklasse regular season winners

Den Bosch confirmed they will top the women‚Äôs regular season table in the Hoofdklasse as they got the best of HGC 3-1 at Oosterplas.¬†

Fr√©d√©rique Matla got the first, recovering afte‚Ä¶ https://t.co/WyfL3U6xQY",0,0,2022-05-01 22:41:41+00:00
132,WorldHockeyNews,"#EHL Gantoise and Racing one step from ending long-wait for Belgian title

Gantoise and Royal Racing Club de Bruxelles will contest a unique Belgian men‚Äôs national final following their two-legged wins over Waterloo Ducks and Braxgata, respectively.

For‚Ä¶ https://t.co/vdhNHbjXZ3",0,0,2022-05-01 21:41:37+00:00
133,WorldHockeyNews,"#SH Great performance and great result for Scotland women in Belfast

Scotland women enjoyed a tremendous 5-1 win over Ireland in Belfast in the second of a three-match test series. Scotland won the previous match 2-1 and have already won the series befo‚Ä¶ https://t.co/TSjz1fKqF1",0,0,2022-05-01 18:39:15+00:00
134,WorldHockeyNews,"#KNHB PK (H): Qui Vive doet Nijmegen geen pijn, nuttige zege HIC

Tijdens de achttiende speeldag in de Promotieklasse deed de top drie wat die moest doen: winnen. Met de 1-3 zege van koploper Schaerweijde op hekkensluiter Were Di is handhaving voor de pl‚Ä¶ https://t.co/2Cde5yTwVh",0,0,2022-05-01 16:24:15+00:00
135,WorldHockeyNews,"#THP Hockey umpiring: Every day is different at international events

During the Women‚Äôs Junior World Cup in South Africa, a question from a coach caught my attention. What is a typical day for a hockey umpire during a tournament? ¬† I am not going to foc‚Ä¶ https://t.co/ailvy2N1WA",0,1,2022-05-01 15:12:10+00:00
136,WorldHockeyNews,"#THP EH Hockey Championship: Old Georgians men keep double hopes in tact

Men‚Äôs league champions Old Georgians kept alive hopes of a domestic double as they reached the final of the EH Championships. Old Georgians overcame Brooklands MU 8-1 at home to ta‚Ä¶ https://t.co/VjBjJSLdVt",0,0,2022-05-01 14:05:01+00:00
137,WorldHockeyNews,"#HWN Belgium: Belgian hockey tarnished

The decision of the Federation resonated like a real thunderbolt with the condemnation of Leopold in the case of its two Argentinian players.¬†But this judgment will certainly be beneficial for the future of a disci‚Ä¶ https://t.co/lfbEDl7cGA",1,0,2022-05-01 13:52:18+00:00
138,WorldHockeyNews,"#HWN Belgium: An ‚ÄúUnfair and Humiliating‚Äù Decision for Leopold

The Ucclois club does not accept his conviction and intends to assert its rights in the Monja / Albertario file.¬†But also confirms that they will not disrupt the good organization of the pla‚Ä¶ https://t.co/OGu63oMqg5",1,0,2022-05-01 13:52:18+00:00
139,WorldHockeyNews,"#HI Stunning Lisnagarvey retain men‚Äôs Irish Senior Cup title

Men‚Äôs Irish Senior Cup final
Lisnagarvey 3 (A Williamson, H Morris, B Nelson) Monkstown 1 (D Carson)
Lisnagarvey extended their lead at the top of the men‚Äôs Irish Senior Cup winners all-time l‚Ä¶ https://t.co/amy89P8WiU",1,0,2022-05-01 08:56:13+00:00
140,WorldHockeyNews,"#HI Insta crown remarkable season with first ever women‚Äôs Irish Senior Cup

Women‚Äôs Irish Senior Cup final
Catholic Institute 1 (A Hickey) Pembroke 0
Aoife Hickey wrote herself and Catholic Institute into Irish Senior Cup folklore as her 16th minute goal‚Ä¶ https://t.co/WhhpayIH4L",12,1,2022-05-01 08:56:12+00:00
141,WorldHockeyNews,"#THP FIH on reverse stick: ‚ÄòBanning this exciting skill at all levels is not something we are considering‚Äô

World hockey will continue to monitor injuries regarding dangerous shots in the sport but have so far seen no indication to outlaw hits such as th‚Ä¶ https://t.co/3d9XTC3GX3",1,0,2022-05-01 08:39:47+00:00
142,WorldHockeyNews,"#SH Last weekend of Premiership fixtures comes to a conclusion

Newly crowned men‚Äôs champions Western Wildcats retained their unbeaten record for the season with a 6-1 win at Dunfermline Carnegie.

Coach Vishal Marwaha said: ‚ÄúIt`s a huge achievement for ‚Ä¶ https://t.co/HxXUHYiozN",0,0,2022-04-30 20:40:10+00:00
143,WorldHockeyNews,"#SH Victory for Scotland women against Ireland in Belfast

Scotland women ran out 2-1 winners against Ireland in Belfast in the first of a three-match test series. Sarah Jamieson and Fiona Semple provided the goals in an excellent performance as the Tart‚Ä¶ https://t.co/Rzm515JJHu",0,0,2022-04-30 20:40:09+00:00
144,WorldHockeyNews,"@TheHockeyPaper @Samuel_Ward13 @againstbc Hi, Similar story for our niece. A RT greatly appreciated. https://t.co/JwX2qG9T1S",2,2,2022-04-30 18:54:49+00:00
145,WorldHockeyNews,"#THP Sam Ward: My appeal to the hockey community to #playitpink¬†

Our columnist explains why he‚Äôs launching a fundraising campaign for Against Breast Cancer and why he believes in always making the best of a bad situation¬† One evening at the end of Janua‚Ä¶ https://t.co/gEHy0NiBYI",0,0,2022-04-30 11:40:20+00:00
146,Donal49782295,"RT @hookhockey: ""You just want to be known by players as someone they can trust, someone whose first duty is to protect their safety, then‚Ä¶",0,4,2022-04-30 10:39:27+00:00
147,SCOfficiating,"RT @eurohockeyorg: #TheFutureIsBright #Umpires #EquallyAmazing 

During the @EHLHockeyTV finals, 38 umpires from 16 nations came together w‚Ä¶",0,3,2022-04-30 08:13:47+00:00
148,WorldHockeyNews,"#HWN Netherlands: No Mathijssen or Ehren; Who is Next in Line for National Coach?

Rick Mathijssen and Raoul Ehren were the two top candidates to become the new national team coach of the Dutch national team, but one extended his contract with Bloemendaa‚Ä¶ https://t.co/XMvwJwOS9t",0,0,2022-04-30 07:27:56+00:00
149,fhumpires,"RT @eurohockeyorg: #TheFutureIsBright #Umpires #EquallyAmazing 

During the @EHLHockeyTV finals, 38 umpires from 16 nations came together w‚Ä¶",0,3,2022-04-29 18:08:26+00:00
150,EHF_Jorge,RT @RDavidBalbirnie: Pavel Mazur coach Vinnytsia Hockey Club &amp; Ukrainian men's National team supervising squad training in between humanita‚Ä¶,0,1,2022-04-29 16:05:01+00:00
